source,sumlevel,geoid,name,st,T8_est1,T8_est2,T8_est3,T8_est4,T8_est5,T8_est6,T8_est7,T8_est8,T8_est9,T8_est10,T8_est11,T8_est12,T8_est13,T8_est14,T8_est15,T8_est16,T8_est17,T8_est18,T8_est19,T8_est20,T8_est21,T8_est22,T8_est23,T8_est24,T8_est25,T8_est26,T8_est27,T8_est28,T8_est29,T8_est30,T8_est31,T8_est32,T8_est33,T8_est34,T8_est35,T8_est36,T8_est37,T8_est38,T8_est39,T8_est40,T8_est41,T8_est42,T8_est43,T8_est44,T8_est45,T8_est46,T8_est47,T8_est48,T8_est49,T8_est50,T8_est51,T8_est52,T8_est53,T8_est54,T8_est55,T8_est56,T8_est57,T8_est58,T8_est59,T8_est60,T8_est61,T8_est62,T8_est63,T8_est64,T8_est65,T8_est66,T8_est67,T8_est68,T8_est69,T8_est70,T8_est71,T8_est72,T8_est73,T8_est74,T8_est75,T8_est76,T8_est77,T8_est78,T8_est79,T8_est80,T8_est81,T8_est82,T8_est83,T8_est84,T8_est85,T8_est86,T8_est87,T8_est88,T8_est89,T8_est90,T8_est91,T8_est92,T8_est93,T8_est94,T8_est95,T8_est96,T8_est97,T8_est98,T8_est99,T8_est100,T8_est101,T8_est102,T8_est103,T8_est104,T8_est105,T8_est106,T8_est107,T8_est108,T8_est109,T8_est110,T8_est111,T8_est112,T8_est113,T8_est114,T8_est115,T8_est116,T8_est117,T8_est118,T8_est119,T8_est120,T8_est121,T8_est122,T8_est123,T8_est124,T8_est125,T8_est126,T8_est127,T8_est128,T8_est129,T8_est130,T8_est131,T8_est132,T8_est133,T8_moe1,T8_moe2,T8_moe3,T8_moe4,T8_moe5,T8_moe6,T8_moe7,T8_moe8,T8_moe9,T8_moe10,T8_moe11,T8_moe12,T8_moe13,T8_moe14,T8_moe15,T8_moe16,T8_moe17,T8_moe18,T8_moe19,T8_moe20,T8_moe21,T8_moe22,T8_moe23,T8_moe24,T8_moe25,T8_moe26,T8_moe27,T8_moe28,T8_moe29,T8_moe30,T8_moe31,T8_moe32,T8_moe33,T8_moe34,T8_moe35,T8_moe36,T8_moe37,T8_moe38,T8_moe39,T8_moe40,T8_moe41,T8_moe42,T8_moe43,T8_moe44,T8_moe45,T8_moe46,T8_moe47,T8_moe48,T8_moe49,T8_moe50,T8_moe51,T8_moe52,T8_moe53,T8_moe54,T8_moe55,T8_moe56,T8_moe57,T8_moe58,T8_moe59,T8_moe60,T8_moe61,T8_moe62,T8_moe63,T8_moe64,T8_moe65,T8_moe66,T8_moe67,T8_moe68,T8_moe69,T8_moe70,T8_moe71,T8_moe72,T8_moe73,T8_moe74,T8_moe75,T8_moe76,T8_moe77,T8_moe78,T8_moe79,T8_moe80,T8_moe81,T8_moe82,T8_moe83,T8_moe84,T8_moe85,T8_moe86,T8_moe87,T8_moe88,T8_moe89,T8_moe90,T8_moe91,T8_moe92,T8_moe93,T8_moe94,T8_moe95,T8_moe96,T8_moe97,T8_moe98,T8_moe99,T8_moe100,T8_moe101,T8_moe102,T8_moe103,T8_moe104,T8_moe105,T8_moe106,T8_moe107,T8_moe108,T8_moe109,T8_moe110,T8_moe111,T8_moe112,T8_moe113,T8_moe114,T8_moe115,T8_moe116,T8_moe117,T8_moe118,T8_moe119,T8_moe120,T8_moe121,T8_moe122,T8_moe123,T8_moe124,T8_moe125,T8_moe126,T8_moe127,T8_moe128,T8_moe129,T8_moe130,T8_moe131,T8_moe132,T8_moe133
2013thru2017,040,04000US01,Alabama,01,1856695,1273215,101375,18940,495,18445,18000,250,17750,49095,585,48515,15335,390,14945,117875,63795,575,63220,27790,200,27590,26290,150,26140,0,0,0,192200,135185,1050,134135,41830,105,41725,15185,65,15120,0,0,0,120390,100055,695,99360,16955,115,16840,3375,4,3375,0,0,0,741375,708745,1735,707005,29000,125,28875,3635,15,3620,0,0,0,583480,156035,25825,400,25430,20285,310,19975,88100,1630,86475,21820,570,21250,108240,32920,595,32325,46295,405,45890,29025,660,28365,0,0,0,116695,72330,925,71410,39870,270,39605,4490,225,4265,0,0,0,53310,46495,395,46100,6320,40,6285,495,120,375,0,0,0,149200,145580,1285,144290,3020,185,2835,600,320,280,0,0,0,5528,6959,2117,850,152,835,981,98,993,1544,137,1524,886,154,847,2104,1662,155,1665,1172,95,1163,1288,79,1283,27,27,27,2281,2132,228,2115,1147,62,1142,948,40,949,27,27,27,2148,1952,208,1935,832,126,839,416,14,417,27,27,27,6119,6240,299,6179,1133,83,1131,404,22,404,27,27,27,4152,2348,1052,142,1029,1054,122,1059,1896,321,1832,1130,213,1120,2487,1376,136,1349,1634,122,1633,1536,231,1476,27,27,27,2650,1768,220,1750,1577,106,1560,519,101,506,27,27,27,1660,1593,135,1562,592,32,591,182,83,157,27,27,27,2548,2623,275,2562,413,106,410,210,183,102,27,27,27
2013thru2017,040,04000US02,Alaska,02,252535,160855,11030,2610,1015,1595,2050,355,1695,5825,645,5175,545,50,490,12500,6565,1260,5305,2725,135,2590,3215,25,3190,0,0,0,20835,13045,1445,11600,5310,85,5220,2480,4,2475,0,0,0,16295,11800,540,11260,3920,30,3885,580,0,580,0,0,0,100195,93455,1310,92145,6220,70,6150,520,0,520,0,0,0,91680,16370,3045,765,2280,2390,195,2195,10375,750,9625,560,15,545,14400,3995,600,3395,5940,355,5585,4465,70,4390,0,0,0,18925,9745,610,9135,7575,20,7555,1605,4,1600,0,0,0,11690,8730,320,8410,2900,0,2900,60,0,60,0,0,0,30295,29275,795,28485,1010,0,1010,10,0,10,0,0,0,1272,1745,535,226,149,177,270,70,251,449,114,431,115,26,108,596,377,139,371,290,37,287,360,18,358,20,20,20,830,569,247,567,475,72,478,353,9,353,20,20,20,848,716,119,686,464,42,455,139,20,139,20,20,20,1583,1646,216,1578,427,78,421,144,20,144,20,20,20,1569,788,292,90,283,303,54,301,801,220,786,153,10,153,732,432,193,383,499,185,486,440,45,441,20,20,20,842,626,157,641,553,14,555,260,2,260,20,20,20,749,676,126,662,382,20,382,52,20,52,20,20,20,1013,983,222,939,215,20,215,13,20,13,20,20,20
2013thru2017,040,04000US04,Arizona,04,2482310,1567340,112780,17595,2050,15545,14760,540,14220,59035,840,58195,21390,1180,20210,124470,55020,1830,53190,31820,355,31460,37630,195,37435,0,0,0,225200,135625,2070,133555,61050,230,60815,28525,140,28385,0,0,0,147855,110300,945,109355,30540,165,30375,7015,35,6985,0,0,0,957035,890420,3665,886755,58205,185,58015,8415,30,8385,0,0,0,914975,179770,20060,1035,19025,13605,445,13160,118070,2265,115805,28040,1205,26835,144410,23635,540,23095,63035,730,62310,57740,1200,56540,0,0,0,185540,83245,1320,81930,84645,640,84005,17650,650,17000,0,0,0,101700,76395,655,75745,23405,205,23200,1895,70,1825,0,0,0,303550,286225,1890,284340,15180,295,14885,2145,320,1825,0,0,0,6430,8658,2295,732,221,762,750,135,731,1629,158,1626,1018,162,1011,2233,1488,199,1492,1415,128,1396,1312,89,1307,29,29,29,2944,2562,282,2546,1725,88,1718,1406,87,1395,29,29,29,2744,2428,156,2384,1050,80,1043,621,34,627,29,29,29,7345,7077,404,7085,1551,96,1531,650,36,652,29,29,29,5722,2493,903,163,900,875,148,840,2008,371,1964,1162,250,1189,2607,1123,142,1111,1554,183,1550,1838,252,1803,29,29,29,2773,2206,286,2187,2453,173,2458,955,168,925,29,29,29,2819,2182,175,2219,1252,157,1240,290,34,288,29,29,29,3988,3963,346,3975,865,95,864,296,124,259,29,29,29
2013thru2017,040,04000US05,Arkansas,05,1147290,752635,50550,9795,450,9345,8680,160,8520,24705,360,24345,7365,145,7220,70175,38845,815,38030,17085,155,16935,14245,105,14140,0,0,0,114555,82740,735,82005,24400,95,24300,7415,50,7370,0,0,0,75895,64975,460,64515,9580,90,9490,1340,4,1335,0,0,0,441460,427580,2110,425470,12425,100,12325,1455,0,1455,0,0,0,394660,87535,13625,435,13190,9900,140,9760,52190,1015,51175,11820,405,11415,76475,21650,500,21150,34735,320,34415,20090,420,19670,0,0,0,85870,54670,1005,53665,28660,340,28320,2540,220,2320,0,0,0,40800,37345,520,36825,3105,70,3030,355,45,305,0,0,0,103980,101750,1175,100575,1700,195,1505,530,110,420,0,0,0,4062,5238,1557,637,146,609,586,88,569,1050,124,1011,672,59,668,1540,1152,168,1155,778,77,764,737,81,737,27,27,27,2065,1617,171,1572,1027,53,1031,565,28,563,27,27,27,1807,1592,154,1576,727,70,726,272,27,273,27,27,27,4964,4808,295,4883,654,75,647,223,27,223,27,27,27,3135,2529,847,155,830,703,69,703,1843,265,1803,797,158,758,2295,1101,170,1112,1542,88,1529,1075,144,1087,27,27,27,2184,1764,264,1738,1362,137,1372,358,117,346,27,27,27,1421,1355,204,1340,414,74,402,98,47,99,27,27,27,2522,2490,289,2427,354,113,304,143,57,142,27,27,27
2013thru2017,040,04000US06,California,06,12888130,7024315,536865,84210,1470,82740,69490,1075,68420,326325,3170,323155,56840,620,56220,608665,229290,2245,227045,136130,890,135240,243245,1350,241895,0,0,0,971450,470805,2725,468080,290100,1050,289050,210545,870,209670,0,0,0,659525,390880,1685,389200,199590,680,198910,69050,295,68760,0,0,0,4247815,3628690,10595,3618095,534660,1820,532840,84460,275,84190,0,0,0,5863815,1424685,151215,7215,144000,168840,8115,160720,980190,36360,943830,124435,5825,118610,1007015,161885,6395,155490,426920,8535,418380,418215,12090,406125,0,0,0,1112370,466575,10675,455895,507045,8655,498390,138755,4640,134115,0,0,0,575740,380005,6375,373630,177435,2305,175125,18300,1405,16895,0,0,0,1744005,1581540,17410,1564125,154030,2090,151940,8435,1300,7135,0,0,0,18512,36190,4964,1849,274,1848,1737,233,1712,3593,363,3557,1438,149,1437,6040,3452,310,3397,2582,181,2580,3386,251,3386,29,29,29,6725,4875,312,4949,3757,186,3737,3039,173,3069,29,29,29,6007,4635,229,4620,2744,184,2788,1542,133,1541,29,29,29,26969,25786,625,25814,4401,288,4447,1617,123,1624,29,29,29,20715,8790,2341,480,2367,2821,666,2863,7555,1104,7277,2625,479,2572,7764,2873,537,2712,4661,664,4606,5171,820,5168,29,29,29,7428,4717,673,4696,5249,613,5207,2500,470,2550,29,29,29,5516,4641,536,4627,3244,387,3173,1058,266,995,29,29,29,9478,8635,962,8612,3220,357,3186,601,276,528,29,29,29
2013thru2017,040,04000US08,Colorado,08,2082530,1348005,86360,12980,405,12575,13560,80,13480,51095,655,50440,8725,100,8625,104340,44965,360,44610,26360,195,26165,33015,155,32860,0,0,0,188070,107035,535,106500,58980,125,58855,22060,65,21995,0,0,0,138050,100455,515,99940,32445,85,32355,5150,0,5150,0,0,0,831180,779405,1915,777490,46300,70,46230,5475,75,5400,0,0,0,734525,158680,19515,735,18780,17390,325,17065,108305,3235,105070,13470,450,13020,127985,24465,830,23635,59530,885,58645,43990,1485,42500,0,0,0,159845,78010,1040,76970,69750,685,69065,12090,480,11605,0,0,0,81590,62435,720,61720,17480,125,17350,1675,190,1485,0,0,0,206425,195495,1620,193875,9890,355,9535,1040,265,775,0,0,0,4595,7192,2194,723,147,698,778,60,777,1646,221,1610,645,55,648,1975,1311,112,1292,1029,112,1008,994,101,1007,28,28,28,3034,2232,140,2221,1713,61,1726,996,53,990,28,28,28,2307,2054,124,2031,1164,57,1175,547,28,547,28,28,28,5675,5535,320,5571,1414,46,1421,502,53,505,28,28,28,4652,2796,831,210,824,949,171,951,2468,475,2348,903,146,870,2653,1037,257,1057,1782,271,1839,1367,333,1376,28,28,28,2719,1797,243,1843,1961,221,1924,840,124,833,28,28,28,2492,2122,183,2119,896,77,912,295,104,291,28,28,28,3390,3481,307,3469,772,144,754,207,94,193,28,28,28
2013thru2017,040,04000US09,Connecticut,09,1361755,906800,61105,3125,65,3065,9250,70,9180,43615,280,43335,5110,70,5040,80860,21430,190,21235,28140,115,28025,31290,125,31165,0,0,0,106050,51635,110,51525,37580,165,37410,16835,135,16700,0,0,0,89845,58395,165,58225,25700,75,25625,5755,0,5755,0,0,0,568940,515470,1315,514155,47545,145,47395,5925,10,5920,0,0,0,454955,144495,26200,320,25875,19820,525,19295,87340,1860,85480,11135,245,10890,87755,21925,380,21545,44060,485,43575,21770,735,21035,0,0,0,76860,47590,820,46770,26180,185,26000,3090,100,2990,0,0,0,43290,37245,400,36845,5555,4,5550,490,20,470,0,0,0,102560,98175,825,97345,4015,30,3985,370,35,335,0,0,0,3669,5008,1490,359,40,357,560,74,564,1187,128,1138,462,52,464,2075,901,80,888,1108,60,1107,1257,78,1252,28,28,28,1883,1217,56,1230,1210,95,1207,839,54,841,28,28,28,2084,1597,76,1600,1041,54,1044,489,28,489,28,28,28,4412,4462,256,4456,1225,77,1234,422,15,423,28,28,28,3439,2606,1154,149,1170,969,178,939,2177,285,2214,805,115,788,2207,1186,136,1174,1366,154,1341,1151,212,1157,28,28,28,2008,1738,207,1733,1213,77,1219,420,81,403,28,28,28,1537,1472,208,1489,520,13,520,149,25,147,28,28,28,2017,2003,226,1981,448,31,437,113,40,108,28,28,28
2013thru2017,040,04000US10,Delaware,10,352355,251100,18465,2500,30,2470,2595,50,2545,10590,130,10455,2780,20,2760,21025,9140,50,9090,5335,80,5255,6550,25,6525,0,0,0,37575,22475,90,22385,11095,50,11045,4005,60,3945,0,0,0,26535,19905,70,19835,5410,10,5400,1220,0,1220,0,0,0,147495,138315,365,137950,8425,40,8380,760,0,760,0,0,0,101260,23005,3420,50,3370,2315,4,2310,13620,250,13365,3650,45,3605,17320,3515,50,3465,7990,125,7865,5820,140,5680,0,0,0,21420,10350,140,10210,9475,75,9400,1595,45,1550,0,0,0,10780,8525,45,8480,2065,10,2055,195,0,195,0,0,0,28730,27965,65,27895,705,4,700,60,0,60,0,0,0,1635,1986,905,299,43,295,318,45,323,688,93,681,418,26,419,852,522,45,515,490,94,471,604,25,605,27,27,27,1142,929,50,926,639,39,633,384,65,379,27,27,27,1009,903,62,907,480,18,478,259,27,259,27,27,27,1887,1779,134,1768,598,47,601,150,27,150,27,27,27,1466,772,373,43,370,371,27,372,680,133,649,427,33,422,904,438,45,431,585,69,593,591,61,592,27,27,27,1054,670,71,676,730,49,726,355,42,347,27,27,27,775,665,32,664,296,14,294,99,27,99,27,27,27,1240,1258,45,1245,192,8,193,47,27,47,27,27,27
2013thru2017,040,04000US11,District of Columbia,11,277985,115795,10115,1520,10,1510,1165,0,1165,6465,65,6400,960,30,935,7950,3305,10,3295,1930,20,1910,2715,20,2695,0,0,0,5765,3435,15,3425,1440,10,1435,885,0,885,0,0,0,7335,4725,0,4725,1890,0,1890,720,0,720,0,0,0,84635,75995,135,75865,7315,55,7260,1325,0,1325,0,0,0,162190,52450,10750,130,10620,7570,95,7475,28935,280,28655,5190,205,4990,20915,6825,70,6755,8725,130,8590,5365,165,5200,0,0,0,11815,6330,0,6330,4025,40,3985,1460,0,1460,0,0,0,12150,6890,70,6815,4600,25,4575,665,0,665,0,0,0,64860,56855,410,56445,7640,50,7590,365,0,365,0,0,0,1315,1423,694,256,14,259,245,29,245,529,47,523,232,35,228,544,343,18,341,228,32,233,339,21,335,29,29,29,467,358,17,355,255,15,256,203,29,203,29,29,29,577,467,29,467,237,29,237,180,29,180,29,29,29,1532,1485,78,1483,557,57,555,207,29,207,29,29,29,1573,1494,628,74,613,667,75,664,1088,101,1090,566,130,554,1089,668,41,667,671,70,660,543,97,544,29,29,29,767,528,29,528,456,39,459,243,29,243,29,29,29,783,581,64,578,462,31,460,160,29,160,29,29,29,1595,1514,126,1524,582,43,587,166,29,166,29,29,29
2013thru2017,040,04000US12,Florida,12,7510880,4868825,400760,51655,1030,50625,56610,585,56025,225165,1805,223360,67335,730,66605,450210,183385,1790,181595,117115,610,116500,149710,715,148995,0,0,0,758580,438020,2380,435640,208065,930,207140,112495,415,112080,0,0,0,483590,346815,1500,345320,106280,410,105870,30490,165,30325,0,0,0,2775685,2529140,7375,2521765,208985,645,208340,37560,115,37445,0,0,0,2642055,542110,59275,1140,58135,36470,665,35805,365790,7235,358555,80575,1890,78685,450860,56970,1500,55475,159355,2185,157165,234535,5025,229510,0,0,0,560360,184150,2160,181990,298430,3320,295105,77785,2390,75390,0,0,0,282210,184695,2065,182630,88310,600,87705,9205,650,8555,0,0,0,806510,731100,5750,725350,67705,1005,66700,7705,845,6860,0,0,0,23863,29499,4552,1904,193,1913,1821,150,1837,3393,326,3334,1827,155,1802,5240,2895,289,2864,2231,188,2229,3296,187,3275,31,31,31,6218,4792,315,4762,2988,200,2991,2544,167,2518,31,31,31,5527,4715,255,4712,2441,151,2418,1342,109,1345,31,31,31,21647,20926,547,20870,3270,198,3275,1380,62,1371,31,31,31,12671,5205,1723,231,1675,1501,223,1446,4444,663,4289,2290,313,2267,6285,1876,296,1846,3403,410,3382,4427,544,4376,31,31,31,6507,3610,338,3584,4411,468,4379,2110,372,2064,31,31,31,4800,3465,412,3482,2812,184,2812,864,189,878,31,31,31,6266,6122,557,6046,1796,229,1838,678,206,631,31,31,31
2013thru2017,040,04000US13,Georgia,13,3663105,2306770,162360,21375,620,20755,23785,210,23575,91845,980,90865,25355,525,24830,191060,82390,840,81550,49695,305,49385,58980,230,58750,0,0,0,326520,199790,1155,198635,90620,460,90160,36110,55,36050,0,0,0,222100,168705,840,167865,44395,60,44335,9000,0,9000,0,0,0,1404730,1319620,3560,1316060,73795,225,73570,11315,40,11275,0,0,0,1356330,306345,37200,1210,35990,28675,735,27935,196035,2970,193060,44440,1225,43215,235600,45080,930,44145,105990,1115,104875,84530,1505,83025,0,0,0,279475,137435,1515,135915,124460,1145,123315,17580,475,17110,0,0,0,140740,111625,1200,110425,27280,185,27095,1835,330,1505,0,0,0,394175,378190,3390,374800,14620,390,14230,1360,470,890,0,0,0,8971,13420,2727,1082,136,1066,1242,70,1248,1952,226,1897,1226,165,1204,2899,1920,154,1921,1480,122,1493,1700,118,1701,30,30,30,5257,3563,207,3548,2310,151,2306,1297,40,1290,30,30,30,3325,2848,177,2843,1694,44,1696,781,30,781,30,30,30,11943,11542,432,11591,1906,138,1918,738,65,743,30,30,30,8580,4278,1474,256,1410,1426,248,1435,3632,461,3602,1935,248,1937,3337,1705,233,1675,2709,239,2699,1969,299,2018,30,30,30,4480,3044,282,3031,3146,305,3135,1120,136,1085,30,30,30,3078,2794,278,2721,1402,102,1397,316,118,305,30,30,30,5067,4843,483,4808,960,166,925,258,178,189,30,30,30
2013thru2017,040,04000US15,Hawaii,15,455500,264620,21545,4530,305,4225,3360,70,3295,11110,200,10905,2545,135,2410,21200,10285,305,9985,3750,80,3670,7165,115,7050,0,0,0,40520,22090,245,21845,10220,110,10105,8205,40,8165,0,0,0,30665,19755,215,19540,8400,15,8385,2510,30,2480,0,0,0,150690,129165,600,128565,18575,235,18340,2950,35,2915,0,0,0,190880,41440,7825,425,7400,4605,410,4195,25310,1315,23995,3705,180,3525,31200,6285,390,5890,10635,320,10320,14280,400,13880,0,0,0,43610,18315,880,17435,17195,260,16930,8105,125,7980,0,0,0,22115,14805,385,14420,6555,55,6500,755,10,745,0,0,0,52510,45255,685,44570,7075,50,7025,175,10,165,0,0,0,2031,2720,888,370,111,347,339,43,324,649,89,650,323,69,298,1061,657,118,658,385,52,390,564,102,558,26,26,26,1154,893,86,884,609,63,617,534,42,536,26,26,26,1159,910,71,900,514,19,514,318,36,319,26,26,26,2230,2034,142,2032,831,126,799,321,39,319,26,26,26,1989,1242,611,182,576,531,154,480,987,242,986,471,74,477,1189,487,112,486,711,103,728,823,146,820,26,26,26,1595,963,200,939,844,114,841,572,80,570,26,26,26,937,840,118,819,535,46,531,182,13,182,26,26,26,1515,1405,172,1384,604,51,614,63,16,57,26,26,26
2013thru2017,040,04000US16,Idaho,16,609125,421440,26690,4415,295,4120,4355,60,4295,13485,175,13310,4435,20,4415,35550,16895,305,16590,9215,65,9155,9445,150,9290,0,0,0,69540,44325,375,43950,18990,15,18975,6225,20,6205,0,0,0,46540,37460,210,37255,7840,15,7825,1240,15,1225,0,0,0,243115,230300,685,229610,11590,120,11465,1230,0,1230,0,0,0,187685,41100,4850,210,4640,4960,370,4590,25730,955,24780,5555,405,5150,34675,8500,200,8300,17125,260,16865,9050,615,8435,0,0,0,44000,27670,365,27305,14625,345,14280,1710,410,1295,0,0,0,20980,19235,290,18945,1545,25,1525,200,95,105,0,0,0,46930,46150,740,45410,600,35,565,180,60,120,0,0,0,2431,3117,1182,416,122,417,479,44,483,865,89,864,671,19,668,1178,843,124,835,695,45,690,662,98,640,28,28,28,1854,1234,124,1233,1116,20,1113,538,28,538,28,28,28,1456,1222,103,1208,727,23,727,246,20,241,28,28,28,2786,2739,158,2744,798,88,770,269,28,269,28,28,28,2477,1503,471,83,454,562,165,526,1329,215,1330,614,201,651,1333,663,94,654,970,132,944,657,215,659,28,28,28,1488,1190,134,1180,914,162,912,423,199,382,28,28,28,1119,1080,134,1069,299,27,297,122,80,75,28,28,28,1420,1459,251,1466,180,36,179,86,56,66,28,28,28
2013thru2017,040,04000US17,Illinois,17,4818450,3185140,224770,23820,445,23375,34690,380,34310,141720,1250,140470,24545,405,24140,284915,110670,810,109860,88480,570,87910,85765,320,85445,0,0,0,478560,287650,1450,286200,135390,455,134930,55525,245,55280,0,0,0,329725,250925,935,249990,65760,80,65680,13045,40,13005,0,0,0,1867165,1741555,4280,1737275,111505,215,111290,14105,45,14060,0,0,0,1633310,459055,61705,1635,60065,60535,1285,59250,282290,7350,274945,54525,1525,52995,291280,72220,1670,70550,143450,2070,141375,75610,2940,72670,0,0,0,317275,203200,2715,200490,98755,935,97815,15320,960,14360,0,0,0,156210,133190,1365,131825,21005,200,20810,2010,150,1865,0,0,0,409495,393350,3445,389905,14795,360,14435,1350,335,1015,0,0,0,9290,14657,2571,855,115,842,1010,108,997,2004,235,2004,919,157,918,3778,1953,161,1935,2071,128,2060,2167,129,2154,26,26,26,4318,3277,199,3268,2340,133,2355,1544,91,1554,26,26,26,3760,3030,186,3034,1844,45,1842,794,35,787,26,26,26,10639,10784,388,10796,2251,94,2249,736,41,738,26,26,26,7941,4280,1428,292,1401,1818,270,1836,3661,605,3567,1701,255,1679,3445,1815,256,1797,2965,305,2924,1839,402,1829,26,26,26,3145,2659,340,2572,1951,232,1972,896,217,891,26,26,26,2859,2541,258,2587,1075,84,1064,353,94,354,26,26,26,4372,4294,444,4165,769,120,758,225,121,164,26,26,26
2013thru2017,040,04000US18,Indiana,18,2537190,1747515,104690,16255,385,15875,18540,185,18355,58050,735,57315,11845,210,11635,146950,73760,980,72785,43435,470,42965,29750,195,29555,0,0,0,277755,200045,1105,198940,63340,205,63135,14370,70,14300,0,0,0,195645,170555,880,169675,21870,45,21830,3220,70,3150,0,0,0,1022480,993705,2780,990925,26180,4,26180,2595,30,2565,0,0,0,789675,200845,26525,440,26085,24700,340,24365,123445,2050,121395,26175,580,25595,153975,38665,805,37860,79210,1310,77900,36100,1115,34985,0,0,0,172785,115065,1670,113395,52290,740,51550,5430,945,4485,0,0,0,81175,75150,860,74290,5440,65,5370,590,120,470,0,0,0,180895,177585,1670,175915,2615,215,2400,695,295,400,0,0,0,7044,10248,1791,763,133,764,894,68,889,1527,186,1576,782,87,757,2232,1562,168,1543,1370,149,1344,1235,99,1208,27,27,27,3470,2731,217,2733,1637,120,1641,822,54,821,27,27,27,2793,2736,179,2717,969,30,965,400,79,391,27,27,27,8079,8038,383,8079,973,5,973,313,34,310,27,27,27,5345,2836,1140,134,1139,1152,97,1153,2276,385,2231,1341,167,1366,3016,1366,192,1367,1995,321,1988,1369,277,1362,27,27,27,2845,2484,257,2467,1472,190,1450,540,259,517,27,27,27,1877,1744,173,1733,519,61,507,211,85,187,27,27,27,3196,3130,281,3143,374,94,358,186,111,147,27,27,27
2013thru2017,040,04000US19,Iowa,19,1251585,889285,53310,8485,185,8300,11850,220,11630,27890,330,27560,5085,175,4905,76820,41750,470,41280,21515,90,21425,13555,100,13455,0,0,0,143920,107775,610,107170,29820,145,29680,6320,30,6290,0,0,0,103100,91160,505,90655,10610,4,10610,1330,0,1330,0,0,0,512135,498175,1285,496890,12470,20,12455,1490,20,1470,0,0,0,362300,92965,14145,330,13815,14065,345,13720,56940,1495,55445,7815,260,7550,73075,25785,660,25125,35795,665,35130,11495,1230,10270,0,0,0,79950,62885,1130,61755,14545,275,14270,2520,395,2125,0,0,0,38585,36880,370,36510,1400,75,1320,305,120,185,0,0,0,77725,76390,915,75475,985,180,805,350,140,210,0,0,0,3919,5410,1339,526,71,517,611,78,595,908,92,895,479,81,469,1501,1112,117,1121,761,41,764,642,77,630,22,22,22,2135,1864,116,1861,1037,86,1054,470,32,468,22,22,22,1682,1666,141,1655,636,4,636,180,22,180,22,22,22,4149,4177,189,4174,668,22,666,186,32,181,22,22,22,3319,1881,748,110,753,745,123,728,1489,293,1432,643,101,621,1746,1062,170,1024,1297,203,1290,778,340,666,22,22,22,1717,1494,204,1429,752,152,736,403,123,386,22,22,22,1470,1426,130,1415,312,74,304,112,67,80,22,22,22,1765,1748,181,1730,148,63,139,99,69,74,22,22,22
2013thru2017,040,04000US20,Kansas,20,1121945,745440,42290,5285,245,5040,8210,130,8080,23190,495,22690,5605,160,5445,59590,29895,485,29410,17565,260,17305,12125,90,12035,0,0,0,111630,79720,835,78880,25225,195,25030,6690,10,6675,0,0,0,78855,66730,335,66395,10420,50,10375,1705,0,1705,0,0,0,453080,436805,1505,435300,14715,10,14705,1560,0,1560,0,0,0,376500,82605,11750,435,11315,10885,265,10615,51030,1765,49265,8940,270,8670,68580,20155,580,19575,33520,710,32810,14900,1060,13845,0,0,0,87995,58555,1170,57385,26500,450,26050,2935,390,2545,0,0,0,41475,37870,390,37480,3115,25,3090,495,160,335,0,0,0,95850,93235,1110,92125,2130,85,2045,485,185,300,0,0,0,3982,4457,1337,397,78,395,493,65,484,988,157,963,484,72,481,1287,959,124,964,711,106,701,623,39,621,24,24,24,1940,1647,181,1623,981,101,977,472,15,469,24,24,24,1770,1631,97,1621,722,37,726,277,24,277,24,24,24,4265,4308,239,4291,638,16,637,235,24,235,24,24,24,3237,1742,726,140,694,615,104,590,1519,337,1514,720,120,702,1734,887,146,888,1393,226,1351,879,246,833,24,24,24,2055,1602,228,1563,1159,183,1177,367,161,337,24,24,24,1256,1204,112,1177,325,25,323,163,77,128,24,24,24,2153,2065,261,2032,357,50,349,143,87,114,24,24,24
2013thru2017,040,04000US21,Kentucky,21,1724515,1155575,88200,17240,770,16470,16185,350,15835,43650,440,43210,11130,345,10785,103955,55470,830,54640,26575,310,26260,21915,125,21790,0,0,0,175925,125890,1020,124865,38265,155,38110,11775,50,11725,0,0,0,116670,97340,415,96925,16870,115,16755,2460,0,2460,0,0,0,670820,646645,1660,644985,21510,30,21475,2670,0,2670,0,0,0,568940,152715,29405,1125,28280,20260,400,19860,84710,1665,83045,18335,555,17785,105315,32715,745,31970,49805,800,49005,22795,535,22260,0,0,0,118325,81600,1205,80395,32755,635,32120,3970,390,3580,0,0,0,56130,51540,595,50945,4195,10,4190,390,125,265,0,0,0,136455,134550,1305,133245,1615,40,1575,290,105,185,0,0,0,4757,7286,2074,895,163,871,842,117,832,1371,119,1373,705,135,694,1772,1235,153,1229,917,111,921,1014,67,1018,27,27,27,2464,2314,197,2273,1464,67,1469,732,38,735,27,27,27,1984,1775,123,1764,845,83,817,338,27,338,27,27,27,5902,5833,246,5829,1006,32,1005,358,27,358,27,27,27,4879,3007,1052,253,1074,910,161,894,2215,308,2272,1104,167,1094,2312,1388,190,1351,1511,262,1459,1057,166,1074,27,27,27,2401,1950,256,1893,1485,218,1476,485,183,442,27,27,27,1667,1555,162,1536,534,14,536,113,79,89,27,27,27,2550,2535,234,2516,290,39,285,97,84,73,27,27,27
2013thru2017,040,04000US22,Louisiana,22,1737645,1137460,96295,22075,570,21510,17675,205,17470,43115,555,42560,13430,225,13205,104450,62660,750,61915,20110,200,19910,21680,20,21660,0,0,0,158240,112060,795,111265,32055,135,31920,14125,110,14015,0,0,0,101305,80965,380,80585,16385,85,16300,3955,15,3940,0,0,0,677175,643985,2360,641625,29100,80,29020,4090,20,4070,0,0,0,600185,157980,23165,610,22555,17670,175,17490,93575,1825,91750,23565,565,23000,107035,26495,675,25820,41645,485,41165,38890,445,38450,0,0,0,111420,55255,750,54505,47290,265,47025,8875,415,8460,0,0,0,56405,44285,630,43655,11175,165,11015,940,45,895,0,0,0,167345,160215,1375,158835,6460,15,6440,670,115,560,0,0,0,5468,7254,2223,996,173,922,878,111,849,1392,175,1343,916,91,910,2074,1306,202,1295,980,98,976,1120,23,1120,29,29,29,2827,2189,170,2153,1209,74,1219,923,76,899,29,29,29,2047,1913,125,1927,819,69,830,397,20,400,29,29,29,6430,6390,342,6388,1108,57,1105,521,34,519,29,29,29,4372,2740,1026,119,983,916,108,919,2180,411,2202,1193,170,1154,2554,1223,217,1206,1515,172,1536,1643,153,1633,29,29,29,2513,1928,156,1933,1645,110,1655,700,180,683,29,29,29,1992,1750,166,1712,777,92,776,221,33,212,29,29,29,2628,2700,310,2628,639,22,640,226,107,195,29,29,29
2013thru2017,040,04000US23,Maine,23,554060,399140,26265,3785,405,3385,5200,190,5010,14965,330,14635,2310,90,2220,37340,15675,430,15245,11370,115,11255,10290,55,10235,0,0,0,64600,39930,490,39440,17815,135,17680,6860,25,6835,0,0,0,42700,32910,170,32735,8190,70,8120,1605,0,1605,0,0,0,228235,214075,730,213345,13005,50,12955,1155,4,1150,0,0,0,154920,41925,10185,425,9765,5340,230,5105,23810,1050,22760,2590,85,2505,31185,9845,375,9470,13900,225,13675,7435,235,7200,0,0,0,32285,19540,290,19250,11430,40,11390,1320,175,1145,0,0,0,15725,14050,190,13860,1615,15,1600,65,0,65,0,0,0,33795,32820,275,32545,790,50,740,190,50,135,0,0,0,2331,2737,981,295,109,292,342,63,341,775,94,761,328,60,314,993,698,103,698,627,61,627,591,33,588,23,23,23,1450,946,115,948,857,59,857,512,23,513,23,23,23,1279,1121,60,1130,517,69,503,218,23,218,23,23,23,2224,2176,158,2245,663,66,654,162,10,162,23,23,23,1697,1285,631,174,617,531,138,495,1088,274,1000,348,52,348,1166,620,166,612,801,105,802,620,135,629,23,23,23,1324,1010,109,1008,784,37,791,280,111,245,23,23,23,874,850,88,856,304,24,304,49,23,49,23,23,23,1184,1196,105,1201,196,46,196,93,63,70,23,23,23
2013thru2017,040,04000US24,Maryland,24,2181095,1456760,102425,11720,305,11415,17105,115,16990,65155,340,64815,8445,170,8275,120045,47065,245,46825,35000,145,34855,37980,240,37740,0,0,0,141595,79050,555,78495,43980,240,43745,18565,90,18475,0,0,0,134040,88845,380,88465,37170,65,37105,8025,10,8015,0,0,0,958645,875805,2035,873770,74405,145,74260,8435,50,8385,0,0,0,724335,175605,27820,470,27345,19635,270,19365,115030,2160,112865,13125,510,12615,128655,25040,425,24615,62760,605,62160,40855,890,39965,0,0,0,109400,51525,700,50820,50095,355,49740,7785,255,7530,0,0,0,79095,57665,515,57150,19825,140,19685,1600,185,1420,0,0,0,231580,217600,1740,215860,13155,165,12990,825,50,775,0,0,0,4995,7724,2188,624,121,617,984,57,968,1745,110,1718,610,72,604,2267,1249,76,1259,1122,75,1127,1320,96,1327,28,28,28,2603,1888,157,1910,1271,115,1260,898,62,899,28,28,28,2352,1942,128,1931,1110,51,1116,589,18,592,28,28,28,6785,6603,281,6606,1658,68,1655,661,51,662,28,28,28,4974,2413,927,163,933,1042,134,1070,2503,403,2406,715,169,717,2593,1116,136,1105,2020,187,2004,1557,245,1566,28,28,28,2437,1717,195,1727,1676,111,1688,653,125,640,28,28,28,1964,1830,136,1816,1160,91,1167,244,110,222,28,28,28,3038,3062,307,3064,831,84,817,233,46,222,28,28,28
2013thru2017,040,04000US25,Massachusetts,25,2585715,1612330,110760,7920,125,7790,18535,120,18415,75180,500,74680,9125,170,8955,131765,42935,285,42650,41255,90,41165,47575,345,47230,0,0,0,193845,99415,440,98975,61935,165,61765,32495,230,32265,0,0,0,153730,97885,285,97600,45900,120,45780,9945,4,9940,0,0,0,1022230,931420,1850,929570,81570,290,81280,9240,55,9185,0,0,0,973385,304430,67910,1255,66655,52555,1330,51225,160780,5090,155690,23185,605,22580,163330,42735,1035,41705,70925,1450,69475,49670,1205,48465,0,0,0,155460,86875,1200,85675,58095,810,57285,10495,430,10065,0,0,0,88220,68830,770,68060,18035,200,17830,1355,40,1320,0,0,0,261945,247550,2015,245535,13780,105,13675,610,35,575,0,0,0,5003,7756,1999,586,59,587,1048,71,1043,1605,144,1606,564,77,571,2314,1317,111,1310,1360,47,1358,1363,128,1369,29,29,29,3212,2163,133,2141,1720,81,1730,1243,107,1236,29,29,29,2370,1973,112,1964,1426,66,1414,625,16,626,29,29,29,6836,6894,243,6952,1620,120,1644,714,56,718,29,29,29,5831,3331,1532,238,1541,1604,307,1621,2807,533,2776,1077,179,1101,2606,1382,269,1313,1993,309,1938,1526,264,1462,29,29,29,2885,2435,254,2413,1671,246,1668,554,163,547,29,29,29,2268,2061,199,2048,1055,89,1044,257,30,256,29,29,29,3553,3449,297,3423,829,78,825,166,35,161,29,29,29
2013thru2017,040,04000US26,Michigan,26,3888645,2760155,194255,19725,640,19090,33720,600,33120,117285,1600,115685,23525,610,22920,240410,105260,1215,104040,75775,550,75230,59375,420,58960,0,0,0,433955,295745,1825,293920,104255,525,103730,33955,135,33820,0,0,0,291870,240365,975,239390,45285,50,45235,6220,4,6215,0,0,0,1599660,1530780,4075,1526705,61890,100,61790,6990,30,6960,0,0,0,1128490,303415,44170,1015,43150,33485,585,32900,193810,3790,190025,31950,1335,30615,210290,48450,820,47625,101100,1640,99460,60740,1885,58855,0,0,0,231945,139980,2540,137435,79280,1025,78255,12685,1315,11370,0,0,0,111580,97985,1230,96750,11910,240,11670,1690,200,1490,0,0,0,271255,262340,2740,259600,7425,520,6910,1490,365,1125,0,0,0,8346,11276,2560,758,137,725,1012,141,1002,1830,253,1809,792,155,730,2715,1769,187,1770,1604,161,1581,1371,111,1377,23,23,23,3995,3105,253,3084,1831,100,1815,1027,65,1036,23,23,23,3096,2739,183,2746,1179,36,1181,431,10,432,23,23,23,8779,8697,432,8731,1360,45,1358,460,31,458,23,23,23,6407,3069,1289,214,1286,1125,180,1133,2726,462,2684,1124,220,1127,3203,1342,161,1318,2310,336,2296,1704,307,1627,23,23,23,3372,2258,392,2296,1967,219,1987,755,241,752,23,23,23,2342,2028,228,2061,840,113,816,256,113,225,23,23,23,3327,3347,366,3298,624,206,590,234,129,199,23,23,23
2013thru2017,040,04000US27,Minnesota,27,2153200,1542040,91860,14560,480,14080,19205,395,18810,50990,545,50450,7105,115,6990,133445,65720,505,65210,37530,185,37345,30195,170,30025,0,0,0,227380,154335,740,153595,57415,130,57285,15630,45,15585,0,0,0,175300,144310,560,143755,27360,60,27300,3625,4,3625,0,0,0,914060,874935,1675,873260,35325,60,35265,3795,4,3795,0,0,0,611160,169580,32160,750,31410,29205,460,28745,100125,3020,97100,8095,400,7695,122780,39275,735,38545,59695,710,58985,23810,1020,22790,0,0,0,123615,88795,870,87925,29995,480,29510,4825,270,4555,0,0,0,63220,56645,415,56235,5805,140,5670,765,95,670,0,0,0,131965,128390,845,127545,3020,130,2890,560,90,470,0,0,0,5381,6700,1517,569,93,560,714,170,680,1094,135,1087,426,39,429,2020,1131,94,1131,1199,64,1195,1008,52,1001,20,20,20,2176,1873,135,1869,1381,42,1381,683,22,684,20,20,20,2175,1948,98,1931,920,43,921,278,20,279,20,20,20,5817,5545,201,5539,1006,31,1010,381,2,379,20,20,20,3526,2589,1141,162,1097,1051,145,1058,2243,427,2215,578,104,565,2300,1426,152,1415,1629,202,1608,1116,199,1057,20,20,20,1905,1793,170,1786,1206,171,1185,421,106,417,20,20,20,1419,1399,142,1406,571,74,569,191,69,186,20,20,20,2062,2007,168,2032,384,61,373,168,56,162,20,20,20
2013thru2017,040,04000US28,Mississippi,28,1103515,751650,63310,10665,660,10005,10775,105,10670,31320,580,30745,10550,390,10160,73195,38535,530,38005,18360,240,18120,16300,95,16210,0,0,0,113380,78465,595,77870,24830,175,24655,10085,85,10000,0,0,0,69760,55900,285,55610,11915,80,11835,1950,0,1950,0,0,0,432000,411880,1420,410460,17915,45,17870,2200,4,2200,0,0,0,351865,90155,16265,360,15900,9290,125,9165,50430,855,49575,14175,415,13760,63030,19795,510,19285,23530,275,23255,19705,775,18930,0,0,0,66125,34300,520,33775,28020,295,27725,3805,125,3675,0,0,0,34315,29010,275,28735,5115,40,5075,190,65,130,0,0,0,98240,95270,830,94435,2745,140,2605,225,50,180,0,0,0,4102,5393,1836,832,199,803,712,70,706,1245,202,1230,715,202,677,1871,1370,173,1374,892,90,901,913,60,913,30,30,30,2081,1900,166,1923,1207,91,1199,848,59,848,30,30,30,1937,1547,120,1551,901,60,894,306,30,306,30,30,30,4202,4199,276,4208,930,45,932,319,3,318,30,30,30,3569,2510,1159,130,1157,730,77,742,1711,239,1693,818,141,804,1528,892,218,855,1198,114,1204,1059,243,978,30,30,30,1856,1308,145,1305,1372,131,1359,545,81,528,30,30,30,1378,1224,121,1229,620,34,620,113,76,83,30,30,30,2548,2528,185,2533,408,83,411,115,49,111,30,30,30
2013thru2017,040,04000US29,Missouri,29,2386205,1597325,105460,15810,780,15035,20930,340,20590,56590,925,55660,12125,440,11690,141075,70975,925,70045,40305,280,40025,29795,140,29655,0,0,0,256815,179125,1505,177620,60840,180,60660,16845,70,16780,0,0,0,177090,149940,730,149210,23595,50,23540,3560,0,3560,0,0,0,916885,881640,2380,879265,31620,105,31515,3625,4,3615,0,0,0,788880,195365,28080,875,27205,26735,565,26170,120970,2775,118195,19575,865,18710,146640,41380,755,40625,73650,925,72720,31615,1525,30090,0,0,0,178760,122435,1400,121035,51120,635,50485,5205,455,4750,0,0,0,82660,75920,875,75040,5865,35,5830,880,310,570,0,0,0,185450,181595,1360,180230,3125,195,2930,730,125,605,0,0,0,6823,8713,1919,815,156,782,881,103,855,1504,162,1511,734,128,724,2037,1567,199,1592,1332,111,1336,1201,67,1193,26,26,26,3250,2703,243,2721,1620,86,1614,820,60,820,26,26,26,2386,2159,153,2133,993,25,995,372,26,372,26,26,26,6954,6944,317,6915,1164,49,1174,425,10,425,26,26,26,5636,2368,1161,201,1144,1110,205,1103,2429,408,2422,1103,228,1048,2908,1474,152,1496,2047,217,2006,1276,401,1221,26,26,26,3128,2750,243,2760,1537,206,1506,548,155,496,26,26,26,2336,2209,219,2177,532,36,535,215,139,176,26,26,26,3100,3087,257,3099,411,94,383,159,78,143,26,26,26
2013thru2017,040,04000US30,Montana,30,419975,284170,21610,4295,185,4105,4335,70,4265,10835,170,10670,2150,55,2095,26930,14895,180,14715,6050,75,5980,5985,20,5965,0,0,0,46785,31445,285,31155,10880,100,10780,4460,30,4430,0,0,0,30900,24420,150,24270,5505,15,5495,975,45,930,0,0,0,157940,149005,570,148435,7730,4,7725,1210,4,1205,0,0,0,135805,32285,6585,285,6300,4245,120,4125,19235,465,18770,2215,75,2140,26360,8395,260,8135,12020,300,11725,5940,360,5580,0,0,0,31610,22460,320,22140,8075,90,7985,1075,180,895,0,0,0,13865,12535,250,12285,1135,15,1120,195,55,140,0,0,0,31690,30920,310,30615,610,15,595,155,0,155,0,0,0,2154,2252,719,374,70,362,420,41,414,590,64,602,259,38,254,718,562,74,565,423,58,422,481,31,487,23,23,23,1226,1131,90,1135,698,69,683,422,47,414,23,23,23,1090,993,78,992,424,14,419,165,49,170,23,23,23,2106,2131,144,2125,540,3,539,205,2,205,23,23,23,1775,1108,531,97,516,393,60,398,992,181,984,327,49,326,1072,591,104,600,715,129,698,552,135,519,23,23,23,1044,951,111,947,700,82,687,234,104,220,23,23,23,890,802,108,762,283,27,279,94,63,77,23,23,23,1147,1127,118,1114,186,24,183,94,23,94,23,23,23
2013thru2017,040,04000US31,Nebraska,31,748405,494190,29195,4700,90,4615,6060,70,5990,15705,220,15485,2730,50,2680,40785,20085,95,19990,12585,55,12530,8110,25,8085,0,0,0,79000,56525,230,56295,18215,50,18165,4260,85,4175,0,0,0,55765,48340,175,48165,6630,25,6605,800,10,790,0,0,0,289445,280425,755,279670,8075,4,8070,940,50,895,0,0,0,254215,59570,9375,465,8910,9360,225,9135,35750,1490,34265,5080,245,4830,49630,17095,575,16525,24820,545,24270,7715,665,7045,0,0,0,60645,46250,970,45280,12835,185,12650,1560,350,1210,0,0,0,29060,27565,265,27300,1215,0,1215,280,90,190,0,0,0,55315,54300,580,53720,755,105,650,260,85,180,0,0,0,2214,3270,916,362,36,360,441,38,442,685,73,680,320,49,322,865,641,38,635,622,22,623,491,25,495,22,22,22,1425,1351,82,1339,741,32,738,364,92,358,22,22,22,1162,1107,59,1098,482,23,487,154,11,152,22,22,22,2749,2803,153,2798,499,11,501,167,54,161,22,22,22,2631,1443,604,148,584,623,86,608,1169,224,1163,487,102,472,1191,667,143,675,1060,167,1067,574,155,561,22,22,22,1609,1494,237,1459,755,93,750,247,113,242,22,22,22,1091,1111,98,1115,228,22,228,91,46,76,22,22,22,1339,1325,155,1304,169,59,152,78,39,65,22,22,22
2013thru2017,040,04000US32,Nevada,32,1052250,582615,34475,4985,75,4910,4640,20,4620,19565,265,19300,5285,65,5225,45200,17940,270,17670,10750,90,10660,16510,40,16465,0,0,0,82225,45375,220,45160,25080,100,24980,11770,50,11715,0,0,0,59600,40585,195,40390,15705,95,15610,3310,10,3300,0,0,0,361115,329625,1135,328490,27520,110,27410,3970,20,3950,0,0,0,469635,82055,6190,300,5890,5820,115,5705,58415,1005,57410,11625,260,11370,73540,9650,235,9410,33645,480,33165,30245,530,29715,0,0,0,99660,41630,745,40880,48395,215,48180,9635,405,9230,0,0,0,53010,39185,300,38885,13105,205,12895,720,120,600,0,0,0,161375,153060,1250,151810,7725,125,7595,590,190,400,0,0,0,3831,4925,1146,452,46,442,476,29,474,776,126,783,466,37,462,1391,932,125,924,646,63,648,779,34,784,29,29,29,1889,1409,87,1414,1047,55,1059,725,32,732,29,29,29,1466,1056,103,1071,860,91,855,428,15,427,29,29,29,3801,3747,216,3738,1033,63,1025,377,35,376,29,29,29,3037,1827,531,193,526,587,59,580,1693,217,1742,725,128,725,1738,658,103,674,1307,158,1310,1102,166,1092,29,29,29,2083,1428,227,1430,1735,99,1706,726,143,712,29,29,29,1462,1190,133,1217,763,123,745,183,74,166,29,29,29,2463,2443,275,2431,659,64,653,189,119,136,29,29,29
2013thru2017,040,04000US33,New Hampshire,33,526710,372305,21580,1740,55,1680,3540,85,3455,14575,130,14445,1730,15,1715,30815,9495,115,9380,11160,50,11105,10160,120,10040,0,0,0,53135,28230,310,27920,18195,125,18070,6715,20,6690,0,0,0,41360,28895,130,28765,10865,70,10795,1600,0,1600,0,0,0,225410,208625,715,207910,15390,55,15335,1400,0,1400,0,0,0,154405,35585,6460,185,6275,4725,170,4555,22470,760,21710,1935,115,1820,29445,7040,250,6785,14850,215,14635,7560,295,7260,0,0,0,33135,20135,285,19850,11670,250,11420,1330,35,1295,0,0,0,17485,15395,155,15240,1950,15,1935,140,0,140,0,0,0,38755,37760,370,37395,870,15,855,125,20,105,0,0,0,2332,2501,945,267,52,261,423,70,414,744,70,748,306,10,307,1259,575,71,559,727,41,728,603,110,610,27,27,27,1415,1110,130,1111,878,87,860,539,26,544,27,27,27,1263,1034,57,1037,699,58,693,270,27,270,27,27,27,2494,2573,177,2556,792,64,785,254,27,254,27,27,27,2224,1264,490,85,491,531,86,526,900,202,871,306,54,298,1164,517,108,519,777,126,774,637,145,666,27,27,27,1282,922,146,919,860,164,883,277,38,280,27,27,27,790,756,93,742,312,23,314,102,27,102,27,27,27,1426,1438,170,1429,233,26,232,71,31,64,27,27,27
2013thru2017,040,04000US34,New Jersey,34,3199110,2052075,146495,6955,110,6845,15805,110,15695,111505,795,110710,12230,145,12080,171860,33345,215,33125,56925,220,56705,81590,530,81065,0,0,0,227260,90670,630,90045,80980,280,80700,55610,400,55210,0,0,0,183315,100150,420,99735,62610,180,62430,20555,70,20480,0,0,0,1323140,1144780,2515,1142265,156100,380,155720,22255,80,22175,0,0,0,1147040,317635,47165,1035,46130,36535,620,35915,208795,6120,202675,25140,795,24345,203235,36710,940,35775,96985,1430,95560,69535,1755,67780,0,0,0,186610,91315,1560,89755,82855,1315,81540,12440,275,12165,0,0,0,112480,88715,1080,87635,21635,190,21445,2130,170,1960,0,0,0,327075,308290,2905,305385,17660,250,17410,1125,45,1080,0,0,0,7597,10463,2491,566,58,560,782,75,783,2136,214,2138,710,75,711,2560,1219,150,1228,1265,103,1262,1851,168,1863,28,28,28,2582,1783,162,1783,1656,128,1633,1583,172,1609,28,28,28,2686,1872,144,1869,1535,89,1532,966,46,961,28,28,28,10049,9496,353,9451,2512,116,2508,967,64,957,28,28,28,5894,3834,1622,212,1599,1211,151,1187,3440,551,3364,1235,240,1212,3289,1232,225,1205,2218,270,2169,2383,267,2362,28,28,28,3092,2060,227,2075,2283,258,2270,819,120,816,28,28,28,2575,2084,225,2073,1197,84,1202,322,117,313,28,28,28,4068,3884,444,3847,943,116,947,211,51,208,28,28,28
2013thru2017,040,04000US35,New Mexico,35,770435,522930,47210,9420,1360,8060,7195,215,6980,21920,510,21415,8670,505,8165,52190,26535,870,25670,11605,140,11465,14050,65,13985,0,0,0,75090,50400,885,49515,17200,185,17015,7490,10,7480,0,0,0,47430,36600,385,36210,8975,75,8895,1855,0,1855,0,0,0,301015,282360,1640,280720,16175,45,16130,2480,4,2480,0,0,0,247505,57785,8850,455,8395,5750,215,5535,34915,715,34200,8265,195,8070,43120,10135,280,9855,17795,320,17470,15195,260,14930,0,0,0,48760,24880,470,24410,20105,160,19940,3775,125,3650,0,0,0,23625,18435,230,18200,4790,25,4765,405,120,280,0,0,0,74215,71065,715,70350,2735,35,2705,410,60,350,0,0,0,3318,3802,1401,571,199,531,470,89,448,922,150,905,643,88,629,1773,1149,140,1143,788,104,768,880,40,877,28,28,28,2044,1547,154,1564,982,99,985,735,14,733,28,28,28,1565,1422,110,1422,631,61,637,270,28,270,28,28,28,3391,3297,216,3330,826,39,829,373,2,372,28,28,28,3232,1736,696,129,702,596,109,574,1425,171,1397,666,77,667,1437,725,103,723,864,160,861,951,136,957,28,28,28,1655,1004,187,1006,1118,81,1104,503,64,509,28,28,28,1044,941,97,930,567,29,567,134,90,102,28,28,28,1998,2047,321,2031,385,23,384,143,44,131,28,28,28
2013thru2017,040,04000US36,New York,36,7302710,3942485,310460,31845,910,30935,41270,690,40585,209245,1920,207320,28095,670,27425,355305,116525,1290,115230,102890,690,102200,135890,765,135125,0,0,0,543705,297425,1895,295525,149270,860,148410,97010,530,96480,0,0,0,391990,261930,1295,260635,98435,350,98085,31625,240,31385,0,0,0,2341025,2096080,6880,2089200,212370,785,211585,32575,195,32380,0,0,0,3360225,1031385,150315,3470,146845,146610,2815,143795,653630,12360,641275,80830,2075,78755,564730,136720,3145,133570,243105,3285,239820,184905,3240,181665,0,0,0,586190,318695,4340,314355,222660,2255,220405,44835,1265,43570,0,0,0,289885,228080,2045,226035,52510,575,51930,9295,335,8960,0,0,0,888040,818900,6270,812630,64170,420,63750,4970,165,4800,0,0,0,13551,17779,4005,1155,187,1173,1299,156,1287,3347,250,3314,1052,156,1018,3743,2119,169,2119,1902,163,1893,2359,190,2381,27,27,27,4192,3199,245,3214,2198,183,2211,2373,124,2371,27,27,27,4379,3302,212,3319,2186,111,2168,1303,125,1318,27,27,27,14352,14451,427,14534,2889,206,2888,1248,120,1259,27,27,27,9024,7381,2800,420,2774,3385,483,3370,5368,883,5310,2163,324,2086,5257,2581,474,2572,4287,465,4325,3199,452,3244,27,27,27,4809,3822,538,3800,3274,398,3234,1635,303,1597,27,27,27,3658,3229,315,3235,1848,173,1859,784,139,775,27,27,27,5442,5448,579,5336,1898,158,1921,585,75,575,27,27,27
2013thru2017,040,04000US37,North Carolina,37,3874345,2517895,167235,26900,520,26380,27525,265,27260,89565,840,88725,23245,450,22795,217900,104800,1020,103785,56450,160,56290,56650,355,56290,0,0,0,372880,238065,1185,236880,96340,325,96015,38475,150,38325,0,0,0,250450,194165,765,193400,45505,75,45430,10780,30,10750,0,0,0,1509435,1423655,3435,1420215,75910,220,75685,9875,70,9805,0,0,0,1356450,299765,44485,1065,43420,31565,320,31245,188005,2995,185010,35710,950,34760,242990,58760,935,57825,107890,1340,106550,76340,2080,74260,0,0,0,292220,160860,2065,158795,115440,1035,114400,15920,870,15050,0,0,0,146335,121050,965,120085,23700,175,23525,1585,205,1380,0,0,0,375145,360820,2425,358395,12425,320,12110,1900,370,1525,0,0,0,8793,13598,2541,1035,148,1047,1232,117,1236,2012,202,1986,958,156,957,2852,1786,214,1762,1562,58,1566,1655,152,1642,28,28,28,3418,2968,245,2985,2001,141,1992,1477,78,1484,28,28,28,3113,2685,182,2674,1438,51,1439,728,36,719,28,28,28,10889,10407,373,10419,1801,98,1789,632,63,619,28,28,28,8051,3810,1566,236,1575,1331,113,1328,3438,404,3428,1728,277,1707,4099,1827,216,1795,2495,292,2504,2330,350,2324,28,28,28,3791,3066,379,3059,2431,233,2418,799,202,794,28,28,28,2979,2781,268,2718,1071,100,1075,265,86,256,28,28,28,4988,4784,344,4783,774,142,798,329,174,248,28,28,28
2013thru2017,040,04000US38,North Dakota,38,311525,197085,13090,3845,65,3775,2820,45,2775,5315,45,5270,1115,35,1080,16310,10575,130,10440,3490,55,3435,2250,30,2215,0,0,0,29590,23885,115,23770,4735,10,4725,965,0,965,0,0,0,22405,20165,55,20110,1950,4,1945,285,0,285,0,0,0,115690,113425,330,113100,2080,15,2060,185,0,185,0,0,0,114440,27225,4785,205,4580,5010,70,4940,15310,490,14820,2120,55,2065,20675,8205,170,8035,8980,20,8955,3495,110,3385,0,0,0,26195,20755,175,20585,4695,25,4670,745,4,740,0,0,0,13085,12005,45,11955,985,0,985,95,10,80,0,0,0,27265,26860,380,26480,295,0,295,110,15,95,0,0,0,1686,1652,661,311,31,314,242,36,239,438,28,436,194,24,193,659,557,85,549,331,61,339,325,30,328,22,22,22,949,827,75,797,457,13,454,207,22,207,22,22,22,965,879,36,877,274,5,275,131,22,131,22,22,22,1550,1618,117,1588,320,23,319,90,22,90,22,22,22,1765,1121,496,105,480,447,49,451,807,180,756,331,34,329,1076,702,91,691,656,31,650,439,92,443,22,22,22,1349,1095,83,1084,489,28,493,318,1,319,22,22,22,980,960,26,957,260,22,260,57,16,58,22,22,22,1290,1287,179,1265,96,22,96,89,22,88,22,22,22
2013thru2017,040,04000US39,Ohio,39,4633145,3060475,185580,25425,1010,24415,33350,580,32770,106280,1760,104515,20530,570,19955,252965,117505,1470,116035,76645,845,75800,58815,495,58325,0,0,0,467405,318470,2400,316070,115450,735,114715,33490,250,33240,0,0,0,326565,271005,1550,269460,49055,250,48800,6505,25,6480,0,0,0,1827955,1754480,5485,1748995,66415,135,66280,7065,0,7065,0,0,0,1572670,427450,69900,1675,68225,55110,1330,53780,259030,7165,251865,43410,1820,41590,289055,78115,1840,76280,148835,3165,145670,62105,2735,59370,0,0,0,332395,228370,4395,223975,93600,1510,92090,10425,1475,8955,0,0,0,153605,141990,1615,140375,10365,205,10160,1250,300,950,0,0,0,370165,362860,4385,358475,5990,325,5660,1315,325,990,0,0,0,10306,16010,2571,990,222,957,1049,177,1017,2182,265,2212,792,173,743,3034,1949,257,1896,1788,225,1810,1461,132,1452,27,27,27,4414,3650,277,3629,2384,186,2423,1340,103,1360,27,27,27,3703,3418,245,3419,1346,101,1336,549,29,551,27,27,27,11719,11370,580,11396,1873,77,1875,582,27,582,27,27,27,8613,4140,1839,265,1762,1499,262,1497,3895,653,3866,1589,283,1549,3765,1816,308,1772,2944,434,2853,1702,369,1643,27,27,27,3937,3514,416,3439,2139,309,2160,787,289,766,27,27,27,2911,2798,303,2775,941,112,933,242,128,212,27,27,27,4477,4485,499,4416,557,137,545,216,135,189,27,27,27
2013thru2017,040,04000US40,Oklahoma,40,1468970,964465,67010,13335,645,12690,12860,255,12605,32050,440,31610,8770,250,8520,88410,49370,765,48610,21720,240,21480,17320,170,17150,0,0,0,148135,107135,900,106235,31795,125,31665,9210,30,9180,0,0,0,98020,82540,590,81945,13355,15,13340,2130,4,2120,0,0,0,562890,542055,1745,540310,18655,70,18585,2180,0,2180,0,0,0,504505,113180,18615,700,17915,13735,260,13475,66815,1405,65415,14015,510,13505,92950,26385,615,25770,43690,690,43000,22880,745,22135,0,0,0,110910,73320,1085,72235,33665,475,33195,3925,420,3505,0,0,0,54450,48875,485,48390,4885,75,4810,690,200,490,0,0,0,133015,130290,1265,129025,2220,75,2145,505,115,390,0,0,0,2958,3970,1346,533,102,533,589,78,577,980,124,946,462,89,461,1602,1191,133,1198,843,88,839,843,69,841,22,22,22,1606,1414,155,1390,928,45,932,536,31,535,22,22,22,1834,1668,129,1664,626,18,626,272,10,270,22,22,22,3001,2938,213,2976,798,44,797,240,22,240,22,22,22,3350,1926,639,133,640,753,77,753,1651,183,1615,806,146,793,1782,838,131,803,1293,189,1262,1006,149,976,22,22,22,1781,1469,198,1483,1047,180,1022,423,123,413,22,22,22,1284,1222,123,1224,430,56,432,195,99,181,22,22,22,1856,1820,248,1791,288,50,292,133,65,111,22,22,22
2013thru2017,040,04000US41,Oregon,41,1571630,969455,56010,5705,195,5510,7840,145,7695,35800,370,35430,6665,155,6510,70655,25320,355,24970,19825,105,19720,25510,135,25375,0,0,0,134450,70130,385,69750,41345,160,41190,22970,195,22775,0,0,0,92115,59215,320,58895,26930,120,26810,5965,50,5920,0,0,0,616225,560185,1305,558880,50070,170,49900,5970,15,5955,0,0,0,602180,123890,15290,585,14705,10650,610,10035,86000,4215,81785,11950,825,11130,104205,16165,785,15375,43170,1355,41815,44875,2800,42075,0,0,0,128275,54990,1455,53535,59065,1080,57985,14220,1345,12875,0,0,0,64945,48905,1225,47680,14405,280,14125,1635,285,1355,0,0,0,180860,169510,1930,167580,9695,660,9035,1655,625,1030,0,0,0,4215,5768,1591,555,81,556,548,83,540,1149,149,1121,576,71,569,1562,1043,121,1041,843,74,847,1086,66,1083,28,28,28,2208,1811,110,1820,1270,117,1265,1091,94,1093,28,28,28,1995,1632,121,1620,1258,69,1265,446,80,450,28,28,28,4970,4932,250,4892,1464,95,1469,494,26,504,28,28,28,4185,2273,836,182,822,814,196,750,1941,475,1854,838,193,830,2572,959,225,955,1595,287,1657,1465,459,1431,28,28,28,2357,1557,289,1603,1500,256,1529,949,293,880,28,28,28,1804,1559,290,1585,871,109,847,265,135,242,28,28,28,3028,2789,348,2768,854,173,792,258,162,215,28,28,28
2013thru2017,040,04000US42,Pennsylvania,42,5007440,3456360,246450,33335,1075,32260,47885,720,47160,139655,1585,138070,25580,475,25100,314680,142255,1850,140405,96175,710,95465,76250,600,75650,0,0,0,536145,357645,2360,355290,129430,825,128605,49065,220,48845,0,0,0,358830,284195,1455,282740,63480,170,63310,11160,40,11120,0,0,0,2000255,1886480,5660,1880820,102240,280,101965,11535,4,11530,0,0,0,1551080,422620,73010,1325,71685,48295,1545,46750,254770,7680,247090,46545,1550,44995,285215,76685,2465,74220,130810,3290,127520,77715,4505,73215,0,0,0,319090,198890,3710,195185,102870,1760,101110,17330,2065,15260,0,0,0,151550,131675,2205,129475,17530,355,17175,2345,390,1955,0,0,0,372610,359230,3395,355835,11175,345,10830,2205,290,1915,0,0,0,10139,15409,2816,1001,194,963,1272,160,1230,2070,228,2061,1042,137,1012,3375,2078,238,2083,1819,149,1797,1605,178,1611,24,24,24,4029,3287,254,3260,2216,183,2197,1269,104,1243,24,24,24,3718,3376,205,3371,1828,66,1826,573,40,568,24,24,24,12048,11500,447,11473,2063,110,2047,627,2,625,24,24,24,8289,4587,1994,217,1954,1465,264,1456,3475,495,3433,1583,271,1596,4015,1909,419,1807,2555,477,2462,1971,478,1882,24,24,24,3928,2754,431,2789,2651,296,2567,1013,361,935,24,24,24,2633,2441,373,2491,885,136,867,324,149,256,24,24,24,3901,3868,387,3780,748,142,706,313,97,289,24,24,24
2013thru2017,040,04000US44,Rhode Island,44,412030,247290,14260,750,35,715,1835,0,1835,10570,55,10515,1105,35,1070,18345,4470,45,4425,6145,35,6110,7730,55,7675,0,0,0,33735,15470,125,15340,11375,15,11360,6890,10,6885,0,0,0,22910,13720,55,13665,7455,35,7425,1735,0,1735,0,0,0,158035,143565,310,143255,12770,10,12760,1700,0,1700,0,0,0,164735,50700,12165,175,11990,7105,140,6960,26510,675,25835,4925,65,4855,29880,7655,105,7550,13410,280,13135,8815,460,8355,0,0,0,30900,17850,520,17330,11740,305,11435,1310,10,1300,0,0,0,14280,12295,150,12145,1940,55,1885,45,20,25,0,0,0,38975,37650,425,37220,1235,90,1145,95,30,65,0,0,0,1754,2141,749,176,46,175,305,29,305,627,47,631,213,26,214,827,427,43,429,448,34,447,545,46,552,29,29,29,1045,733,84,728,677,21,675,614,13,611,29,29,29,1025,634,42,635,644,35,651,265,29,265,29,29,29,2187,2111,113,2110,763,17,764,284,29,284,29,29,29,1815,1430,830,94,837,640,118,659,1175,221,1207,538,49,537,1181,643,75,624,881,139,895,659,153,631,29,29,29,1420,1091,196,1025,859,151,837,284,20,282,29,29,29,852,862,79,868,297,86,293,29,20,22,29,29,29,1292,1308,177,1287,239,68,238,58,33,53,29,29,29
2013thru2017,040,04000US45,South Carolina,45,1871305,1284530,97070,15150,250,14895,15880,200,15680,49675,505,49165,16365,230,16135,113365,58045,725,57320,28195,165,28035,27125,150,26970,0,0,0,191855,125880,525,125355,46175,215,45965,19795,35,19760,0,0,0,127050,100675,320,100355,22170,75,22095,4205,30,4175,0,0,0,755190,711615,2005,709610,37530,175,37355,6045,40,6005,0,0,0,586775,134145,20675,420,20250,13700,180,13520,80395,1660,78735,19380,355,19020,103750,27085,835,26250,42550,585,41965,34115,1305,32805,0,0,0,125010,63285,795,62485,52825,740,52090,8900,620,8280,0,0,0,59145,47715,665,47050,10465,180,10285,970,250,715,0,0,0,164720,157255,1735,155520,6675,240,6435,790,175,620,0,0,0,5900,8064,2254,849,118,825,924,90,909,1654,135,1660,800,84,799,2153,1612,199,1586,1023,71,1021,1010,82,1004,29,29,29,2898,2021,128,2027,1508,141,1501,981,29,976,29,29,29,2362,2126,120,2125,1041,67,1036,409,32,412,29,29,29,6504,6336,343,6304,1352,80,1344,536,58,542,29,29,29,5630,2493,1071,135,1079,936,119,949,1937,353,1862,1101,119,1104,2373,1199,272,1156,1562,175,1562,1306,301,1289,29,29,29,2625,1871,192,1840,1733,251,1726,640,192,590,29,29,29,1822,1563,235,1569,750,114,744,270,139,212,29,29,29,3218,3236,306,3254,645,112,612,199,105,177,29,29,29
2013thru2017,040,04000US46,South Dakota,46,339460,230655,14020,2755,190,2560,3120,85,3035,6645,105,6540,1500,85,1415,17690,9810,110,9695,4925,10,4915,2955,35,2920,0,0,0,36190,26640,190,26450,7260,10,7250,2290,10,2280,0,0,0,26880,22940,130,22810,3530,50,3475,415,0,415,0,0,0,135880,131105,655,130450,4210,10,4195,565,0,565,0,0,0,108800,26835,5680,205,5470,4795,230,4560,14625,485,14140,1735,180,1555,21145,8810,235,8575,9115,185,8930,3220,260,2960,0,0,0,26280,20960,300,20655,4750,20,4730,570,120,450,0,0,0,12215,11515,145,11370,655,0,655,50,4,45,0,0,0,22330,21970,200,21770,290,20,270,65,0,65,0,0,0,1684,1923,659,318,78,296,273,43,268,504,46,501,215,41,214,732,545,47,529,428,9,428,286,32,285,22,22,22,1083,934,62,918,587,14,588,336,13,335,22,22,22,930,860,61,871,404,44,403,112,22,112,22,22,22,2052,2042,163,2047,409,14,409,156,22,156,22,22,22,1717,1012,493,82,478,496,114,471,634,146,616,291,104,281,1000,584,95,579,639,120,667,413,137,395,22,22,22,1001,888,128,881,463,29,461,190,119,147,22,22,22,746,724,95,730,168,22,168,40,7,39,22,22,22,881,865,100,852,125,26,124,50,22,50,22,22,22
2013thru2017,040,04000US47,Tennessee,47,2547195,1688565,109160,17480,620,16860,18970,220,18755,56695,510,56185,16015,600,15415,145455,72705,1085,71620,35580,385,35195,37170,90,37080,0,0,0,252165,167055,1005,166050,63370,315,63055,21740,125,21615,0,0,0,170780,137070,785,136285,28650,110,28540,5060,75,4985,0,0,0,1011005,962440,2665,959775,42980,95,42885,5585,0,5585,0,0,0,858630,198945,34905,985,33920,21940,345,21595,115430,2440,112990,26670,665,26005,156025,39845,820,39020,67760,890,66875,48420,1555,46865,0,0,0,178835,99910,1440,98475,69920,1050,68870,9005,830,8175,0,0,0,90910,76280,1015,75265,13425,145,13280,1205,175,1030,0,0,0,233910,225410,2510,222900,7640,200,7440,860,320,540,0,0,0,6359,10002,2550,842,173,827,873,85,868,1767,138,1747,866,178,830,2686,1829,207,1791,1157,140,1132,1457,49,1461,29,29,29,3145,2478,200,2504,1539,98,1549,969,104,963,29,29,29,2797,2522,213,2462,1258,77,1269,512,72,489,29,29,29,8258,8178,360,8151,1162,47,1166,612,29,612,29,29,29,6494,2932,1400,223,1401,1063,126,1072,2501,395,2479,1296,168,1268,2970,1464,257,1490,2179,220,2178,1673,344,1637,29,29,29,2921,2180,304,2145,1985,279,1984,788,253,744,29,29,29,2044,2014,231,1966,835,72,834,285,120,257,29,29,29,3653,3568,364,3524,753,99,737,253,159,165,29,29,29
2013thru2017,040,04000US48,Texas,48,9430420,5851045,422915,78250,3460,74790,74400,1450,72950,219050,3830,215220,51215,1355,49860,504625,249885,4245,245640,134475,1000,133475,120265,650,119615,0,0,0,828045,547990,5275,542715,206805,1250,205555,73250,260,72995,0,0,0,543865,432785,2695,430090,93365,300,93065,17710,80,17635,0,0,0,3551595,3357440,12515,3344920,172310,570,171745,21845,110,21735,0,0,0,3579375,756385,91130,3360,87765,86295,1770,84525,488765,11000,477765,90195,2780,87415,604485,124365,3060,121300,290900,4315,286585,189220,5220,184000,0,0,0,742825,395745,5535,390210,302480,3600,298880,44600,2825,41775,0,0,0,373780,303750,3210,300540,65010,670,64340,5020,425,4595,0,0,0,1101900,1055210,9870,1045335,42485,1080,41405,4205,1075,3125,0,0,0,18376,29468,4147,1953,437,1881,1733,319,1733,2887,513,2936,1770,308,1773,4989,3615,519,3522,2618,198,2615,2632,189,2638,31,31,31,6310,5545,477,5540,3628,292,3623,1912,88,1919,31,31,31,5655,5043,356,5015,2151,136,2151,980,64,967,31,31,31,22980,22861,865,22806,2600,186,2654,1065,85,1065,31,31,31,15655,6951,2246,425,2312,2276,336,2220,6091,832,6037,3242,433,3114,5889,2680,349,2715,4592,478,4527,3363,640,3351,31,31,31,6497,4726,534,4589,4343,538,4265,1789,447,1664,31,31,31,4992,4111,426,4167,2315,225,2334,560,149,522,31,31,31,8499,8473,820,8452,1592,234,1599,466,284,402,31,31,31
2013thru2017,040,04000US49,Utah,49,938365,653430,33400,5880,160,5715,5295,4,5290,18730,130,18600,3495,75,3415,46770,21575,120,21455,13455,20,13440,11735,50,11685,0,0,0,102285,62615,295,62320,31760,130,31630,7910,30,7875,0,0,0,80785,64240,180,64060,14745,30,14715,1800,0,1800,0,0,0,390190,371660,825,370830,16775,15,16760,1760,25,1735,0,0,0,284935,58830,8140,170,7970,7940,115,7820,37480,850,36625,5270,290,4980,52300,13000,340,12660,27085,445,26640,12215,355,11855,0,0,0,67405,42250,330,41925,22515,245,22270,2635,340,2295,0,0,0,32910,28680,220,28460,3915,35,3880,315,85,230,0,0,0,73495,71720,730,70990,1530,135,1390,245,115,130,0,0,0,2548,4170,981,373,67,378,521,11,519,729,57,727,397,42,400,1546,918,48,913,814,18,813,736,38,733,27,27,27,2059,1592,116,1605,1107,66,1108,587,31,583,27,27,27,1809,1627,72,1634,813,31,810,290,27,290,27,27,27,3192,3203,192,3199,860,25,860,267,25,266,27,27,27,2831,1451,587,86,580,553,55,543,1295,218,1256,500,122,480,1704,837,130,822,1109,136,1110,784,128,778,27,27,27,1626,1354,110,1343,1179,131,1170,398,153,357,27,27,27,1221,1179,127,1196,461,37,465,99,44,99,27,27,27,1893,1860,169,1873,309,86,290,97,68,71,27,27,27
2013thru2017,040,04000US50,Vermont,50,258535,182320,13080,1135,125,1010,2170,70,2095,9025,95,8930,755,35,720,16830,4600,70,4530,6280,40,6235,5950,50,5900,0,0,0,29225,16060,210,15850,9380,60,9325,3785,10,3775,0,0,0,20395,14360,60,14305,5200,0,5200,830,25,810,0,0,0,102790,94585,325,94265,7390,20,7365,815,0,815,0,0,0,76215,19700,4095,135,3960,2600,115,2485,11975,315,11660,1025,25,1000,14360,3655,140,3515,6345,70,6270,4360,135,4225,0,0,0,16510,9055,200,8855,6580,75,6505,875,20,855,0,0,0,7795,6560,185,6375,1130,60,1070,105,20,85,0,0,0,17845,17285,175,17105,500,4,495,65,0,65,0,0,0,1157,1519,633,194,63,192,264,44,266,533,55,523,141,24,136,761,337,38,335,476,29,481,441,30,437,22,22,22,858,568,76,581,540,46,529,297,13,296,22,22,22,704,586,31,584,453,22,453,124,39,120,22,22,22,1450,1435,114,1435,450,16,449,139,22,139,22,22,22,1360,880,419,80,414,346,84,338,684,113,701,236,24,231,694,369,74,355,476,43,475,462,78,441,22,22,22,783,544,103,527,554,55,547,241,37,239,22,22,22,511,485,122,446,172,83,169,93,32,86,22,22,22,739,742,66,736,124,22,123,56,22,56,22,22,22
2013thru2017,040,04000US51,Virginia,51,3105635,2055075,124720,19360,670,18690,20845,145,20705,70780,535,70240,13735,220,13515,153900,68335,605,67730,39590,210,39380,45975,180,45795,0,0,0,239265,143575,585,142990,67615,260,67355,28080,180,27895,0,0,0,190980,134760,565,134195,46935,145,46790,9285,30,9255,0,0,0,1346205,1238900,2690,1236210,96835,160,96675,10470,4,10465,0,0,0,1050565,226610,33815,785,33035,24070,335,23740,147100,3340,143760,21625,825,20800,167675,33300,1060,32240,73190,885,72305,61185,1565,59620,0,0,0,184755,86720,970,85750,86020,1065,84955,12015,650,11365,0,0,0,115240,84415,760,83655,28795,495,28305,2025,145,1880,0,0,0,356285,333880,2865,331020,20815,305,20505,1585,150,1435,0,0,0,8004,12489,2213,962,161,968,1002,67,1002,1567,122,1532,766,87,761,2770,1950,176,1919,1550,87,1550,1269,75,1269,28,28,28,3236,2314,146,2316,1844,88,1848,1137,103,1131,28,28,28,2554,2157,186,2164,1490,83,1494,560,32,551,28,28,28,10182,10275,330,10257,2104,82,2094,596,4,596,28,28,28,7241,3004,1338,192,1334,1291,135,1293,2696,473,2667,1195,285,1186,3475,1232,221,1216,2354,245,2338,1875,317,1844,28,28,28,3333,2186,235,2180,2376,256,2349,743,200,708,28,28,28,2270,1691,234,1682,1333,230,1298,362,95,351,28,28,28,4201,4005,414,4049,978,123,983,266,64,259,28,28,28
2013thru2017,040,04000US53,Washington,53,2755695,1726900,108865,15305,690,14615,16135,290,15845,65640,540,65100,11780,375,11405,130155,53960,570,53385,34660,280,34375,41535,180,41355,0,0,0,213710,116000,915,115085,68035,390,67645,29675,160,29510,0,0,0,169510,112860,540,112320,47880,135,47745,8775,95,8675,0,0,0,1104665,1012050,2615,1009435,83875,420,83460,8735,4,8735,0,0,0,1028800,224650,34175,1695,32475,27860,1265,26595,144210,5460,138750,18405,1095,17310,173985,32535,1400,31135,84660,1575,83085,56795,2470,54325,0,0,0,195645,97575,1530,96045,85490,1245,84245,12580,1015,11570,0,0,0,115155,88325,1140,87185,24695,340,24355,2140,340,1795,0,0,0,319360,303945,3070,300875,13985,530,13455,1430,235,1195,0,0,0,6343,9297,2389,864,170,836,827,169,795,1790,163,1786,740,113,742,2139,1530,155,1525,1298,150,1299,1113,100,1105,28,28,28,2891,1963,181,1965,1534,153,1519,1000,87,994,28,28,28,2410,1884,191,1869,1359,82,1357,574,87,562,28,28,28,7548,7544,331,7505,1592,167,1596,560,3,560,28,28,28,6139,3334,1288,324,1189,1350,348,1326,3068,557,3060,1071,266,1019,3365,1463,325,1415,2543,322,2469,1889,448,1836,28,28,28,3356,2446,295,2447,2176,285,2146,868,242,853,28,28,28,2747,2467,294,2481,1139,125,1141,390,153,354,28,28,28,3367,3123,484,3071,828,183,793,272,93,246,28,28,28
2013thru2017,040,04000US54,West Virginia,54,737670,536655,40490,10475,330,10140,8415,200,8220,16615,285,16330,4980,225,4755,54810,35925,360,35565,11165,85,11080,7720,50,7670,0,0,0,89275,72470,695,71775,13310,15,13295,3495,75,3420,0,0,0,55215,48270,270,48000,6075,10,6065,870,0,870,0,0,0,296860,289600,940,288655,6650,0,6650,610,0,610,0,0,0,201015,55205,12515,450,12060,6190,55,6135,29465,390,29070,7035,125,6910,37415,14535,205,14330,14330,205,14125,8550,140,8410,0,0,0,40035,26945,310,26635,11855,55,11800,1235,55,1175,0,0,0,17860,16320,165,16155,1470,0,1470,70,30,40,0,0,0,50500,49665,610,49055,780,35,745,55,25,30,0,0,0,2868,4014,1227,614,122,611,574,87,562,882,110,889,470,119,459,1507,1361,129,1343,712,53,703,510,44,518,27,27,27,1628,1483,191,1479,707,22,705,369,54,363,27,27,27,1456,1420,114,1391,524,12,520,197,27,197,27,27,27,3488,3383,198,3379,501,27,501,149,27,149,27,27,27,2870,1445,841,140,793,566,50,559,1064,127,1055,679,64,678,1333,710,86,715,819,73,806,714,104,700,27,27,27,1373,1100,149,1102,718,47,718,313,54,305,27,27,27,842,806,90,798,261,27,261,64,47,44,27,27,27,1924,1872,204,1855,234,44,234,43,26,29,27,27,27
2013thru2017,040,04000US55,Wisconsin,55,2328755,1559310,86850,8055,370,7685,15950,265,15685,54305,895,53410,8540,235,8300,126530,50050,705,49345,42335,195,42140,34140,290,33855,0,0,0,240500,155765,1165,154605,63755,360,63395,20975,75,20900,0,0,0,176070,139655,630,139025,31915,80,31835,4500,55,4445,0,0,0,929360,882560,2320,880235,42230,185,42045,4570,20,4550,0,0,0,769445,187555,24505,745,23760,27405,1025,26375,120835,3840,116995,14810,575,14230,155350,44360,1510,42850,80110,1680,78425,30875,1520,29355,0,0,0,173000,125435,1805,123630,42640,700,41945,4925,470,4450,0,0,0,82125,76850,975,75875,4740,95,4645,540,110,430,0,0,0,171420,168620,1460,167160,2370,50,2325,425,110,310,0,0,0,6455,8210,1376,422,76,430,710,67,715,1227,124,1231,463,68,459,1904,1286,120,1288,1305,55,1301,1016,91,1009,20,20,20,2602,1971,163,1966,1358,153,1344,851,33,853,20,20,20,2056,1816,93,1818,1055,35,1051,294,49,297,20,20,20,6275,6219,231,6252,1059,95,1052,339,18,337,20,20,20,4107,2779,962,180,959,1193,242,1129,2195,441,2253,860,156,844,2682,1560,243,1515,2151,308,2115,1017,298,949,20,20,20,2462,2283,263,2241,1460,193,1449,423,163,404,20,20,20,1648,1652,219,1675,502,63,492,160,90,137,20,20,20,2676,2618,282,2637,294,34,302,150,95,107,20,20,20
2013thru2017,040,04000US56,Wyoming,56,230235,159335,11790,2695,75,2620,2385,15,2375,5795,90,5705,915,4,910,14915,9050,90,8960,3255,10,3245,2615,25,2585,0,0,0,25510,18455,105,18350,5680,20,5665,1375,0,1375,0,0,0,17600,15185,60,15125,2045,0,2045,370,35,335,0,0,0,89520,86010,315,85700,3110,10,3095,400,0,400,0,0,0,70900,15655,3345,100,3250,2240,65,2175,9030,275,8755,1040,40,1000,13055,4790,80,4710,6465,160,6305,1800,140,1660,0,0,0,16160,12180,140,12045,3765,40,3725,215,40,175,0,0,0,7690,6930,120,6810,745,35,705,20,0,20,0,0,0,18335,18055,140,17915,280,35,245,0,0,0,0,0,0,1681,1559,789,372,40,375,330,17,329,589,91,577,222,28,223,813,621,42,620,423,17,425,367,29,366,28,28,28,966,738,65,738,503,21,503,278,28,278,28,28,28,701,651,43,645,263,28,263,110,54,109,28,28,28,1489,1525,129,1543,407,19,406,128,28,128,28,28,28,1996,860,410,57,404,301,48,301,767,119,792,212,65,208,847,427,61,425,637,121,612,308,115,285,28,28,28,1013,828,75,833,507,50,512,94,47,87,28,28,28,690,624,101,621,232,57,224,24,28,24,28,28,28,917,920,70,911,129,54,116,28,28,28,28,28,28
2013thru2017,040,04000US72,Puerto Rico,72,1222605,837530,99950,19110,1205,17905,12520,525,11995,35490,1205,34285,32830,2020,30810,79710,54000,1810,52190,10290,265,10025,15425,305,15120,0,0,0,127520,90760,2375,88385,15000,275,14725,21760,480,21280,0,0,0,75590,53950,1335,52615,13450,215,13235,8195,105,8085,0,0,0,454755,391300,5310,385990,51895,505,51390,11560,220,11340,0,0,0,385075,132895,39765,1905,37860,5410,145,5265,36460,770,35690,51260,2740,48520,54080,30390,1380,29010,7760,190,7570,15930,220,15710,0,0,0,67210,39345,1470,37875,18665,570,18095,9205,65,9140,0,0,0,30210,21070,890,20180,7680,145,7540,1460,0,1460,0,0,0,100680,89575,2180,87395,9830,135,9695,1275,0,1275,0,0,0,3569,3873,1986,904,253,880,775,152,779,1311,252,1297,1213,320,1154,1478,1312,284,1310,631,95,628,811,103,795,32,32,32,2312,2125,401,2154,781,100,777,970,151,970,32,32,32,1914,1721,210,1674,835,90,842,640,60,626,32,32,32,4063,3912,514,4021,1322,155,1326,692,117,677,32,32,32,3676,1894,1073,297,1052,575,81,582,1250,213,1193,1516,330,1389,1661,1260,256,1201,621,84,610,943,77,922,32,32,32,1756,1318,290,1255,863,167,847,795,52,799,32,32,32,1215,1047,224,1002,684,85,672,334,32,334,32,32,32,2500,2465,325,2502,712,84,701,268,32,268,32,32,32
